sig[0,0]; sig[1,1]; sig[2,2]; sig[0,1]; sig[0,2]; sig[1,2]; eps[0,0]; eps[1,1]; eps[2,2]; eps[0,1]; eps[0,2]; eps[1,2];  beta[0,0]; beta[1,1]; beta[2,2]; beta[0,1]; beta[0,2]; beta[1,2]; eps_p_bar
0;0;0;0;0;0;0;0;0;0;0;0;0;0;0;0;0;0;0;
8.33129;8.33129;7.98146;-2.46116e-18;-4.61468e-19;4.61468e-19;0.04;0.04;-0.033059;-5.13992e-19;-9.63735e-20;9.63735e-20;0;0;0;0;0;0;0.0472622;
16.9558;16.9558;16.5734;-2.77457e-18;1.16395e-18;1.53074e-18;0.08;0.08;-0.0638379;-1.02798e-18;1.28498e-19;3.85494e-19;0;0;0;0;0;0;0.0943137;
25.935;25.935;25.5308;7.93781e-18;-1.78562e-17;-1.6017e-17;0.12;0.12;-0.09257;3.85494e-19;-3.0197e-18;-2.44146e-18;0;0;0;0;0;0;0.140045;
35.235;35.235;34.8149;1.66343e-17;3.39493e-17;4.87992e-17;0.16;0.16;-0.119458;3.08395e-18;2.69846e-18;5.71816e-18;0;0;0;0;0;0;0.184571;
44.8257;44.8257;44.3933;2.68737e-17;1.03521e-17;-4.35442e-17;0.2;0.2;-0.144677;7.19589e-18;4.11194e-18;-1.41348e-18;0;0;0;0;0;0;0.228;
54.6807;54.6807;54.2384;-5.5409e-17;2.69732e-17;7.62323e-18;0.24;0.24;-0.168381;-1.28498e-18;8.09538e-18;0;0;0;0;0;0;0;0.270428;
64.7765;64.7765;64.3258;-1.46583e-16;-5.75942e-17;1.36794e-17;0.28;0.28;-0.190707;-2.21017e-17;-3.85494e-19;1.92747e-18;0;0;0;0;0;0;0.311945;
75.0922;75.0922;74.6343;9.67003e-17;-3.20447e-17;-6.38975e-17;0.32;0.32;-0.211774;-7.70988e-18;-4.49743e-18;-7.06739e-18;0;0;0;0;0;0;0.352626;
85.6095;85.6095;85.1452;4.42933e-18;1.07873e-16;1.10217e-16;0.36;0.36;-0.231687;-7.70988e-18;1.02798e-17;8.22387e-18;0;0;0;0;0;0;0.392542;
96.3118;96.3118;95.8419;1.68486e-16;-5.26387e-17;-1.1123e-16;0.4;0.4;-0.250542;1.43918e-17;2.69846e-18;-7.06739e-18;0;0;0;0;0;0;0.431755;
107.185;107.185;106.709;-6.81846e-17;-7.58714e-17;1.00084e-16;0.44;0.44;-0.268422;4.62593e-18;-6.6819e-18;6.4249e-18;0;0;0;0;0;0;0.47032;
118.215;118.215;117.735;-6.10169e-17;1.17685e-16;5.23064e-17;0.48;0.48;-0.285403;-2.56996e-18;8.48087e-18;1.23358e-17;0;0;0;0;0;0;0.508288;
129.39;129.39;128.905;-2.4151e-17;-2.53023e-16;-1.23685e-16;0.52;0.52;-0.301552;-5.13992e-18;-2.31296e-17;-3.08395e-18;0;0;0;0;0;0;0.545702;
140.7;140.7;140.211;-3.28155e-16;1.93358e-16;-1.50103e-17;0.56;0.56;-0.316931;-4.42033e-17;1.54198e-18;-4.11194e-18;0;0;0;0;0;0;0.582604;
152.135;152.135;151.643;6.4957e-16;5.83014e-18;9.79272e-17;0.6;0.6;-0.331594;3.39235e-17;1.02798e-18;7.45289e-18;0;0;0;0;0;0;0.619031;
163.687;163.687;163.191;-3.94163e-16;-4.43877e-17;-1.57888e-16;0.64;0.64;-0.345593;-1.54198e-17;-4.11194e-18;-1.13078e-17;0;0;0;0;0;0;0.655014;
175.347;175.347;174.847;2.1497e-16;3.11475e-16;3.55299e-16;0.68;0.68;-0.358971;1.13078e-17;3.13535e-17;2.98115e-17;0;0;0;0;0;0;0.690585;
187.108;187.108;186.605;-3.48809e-16;-7.51572e-17;-9.12176e-17;0.72;0.72;-0.37177;-2.87836e-17;2.10737e-17;1.74757e-17;0;0;0;0;0;0;0.725771;
198.964;198.964;198.458;2.99765e-16;-3.77791e-16;-2.56536e-16;0.76;0.76;-0.384029;6.16791e-18;-1.97887e-17;-1.00228e-17;0;0;0;0;0;0;0.760597;
210.908;210.908;210.399;4.58314e-17;2.8375e-17;6.87223e-17;0.8;0.8;-0.39578;9.25186e-18;-1.43918e-17;-1.02798e-18;0;0;0;0;0;0;0.795085;
222.936;222.936;222.424;1.47772e-16;1.68521e-16;1.90218e-16;0.84;0.84;-0.407057;2.46716e-17;3.34095e-18;1.87607e-17;0;0;0;0;0;0;0.829257;
235.042;235.042;234.526;-1.38338e-16;-2.42508e-16;-3.39268e-16;0.88;0.88;-0.417887;9.25186e-18;-2.31296e-17;-1.79897e-17;0;0;0;0;0;0;0.863132;
247.221;247.221;246.703;-4.79933e-17;3.80224e-16;6.16362e-17;0.92;0.92;-0.428297;5.13992e-18;1.77327e-17;-9.50885e-18;0;0;0;0;0;0;0.896728;
259.469;259.469;258.948;-1.03424e-16;6.07102e-17;2.17333e-16;0.96;0.96;-0.438312;-5.13992e-18;2.15877e-17;1.23358e-17;0;0;0;0;0;0;0.930061;
271.782;271.782;271.259;8.51909e-17;8.80257e-18;4.89023e-17;1;1;-0.447955;4.11194e-18;2.21017e-17;1.59338e-17;0;0;0;0;0;0;0.963145;
284.157;284.157;283.632;-1.38687e-16;-2.10256e-16;-6.38112e-17;1.04;1.04;-0.457246;-1.02798e-17;1.02798e-18;9.25186e-18;0;0;0;0;0;0;0.995996;
296.59;296.59;296.062;1.16035e-16;-9.63019e-17;-3.57351e-16;1.08;1.08;-0.466205;2.05597e-18;-7.19589e-18;-2.56996e-17;0;0;0;0;0;0;1.02863;
309.078;309.078;308.548;-9.16594e-16;-1.6588e-17;1.61142e-16;1.12;1.12;-0.47485;-8.84066e-17;-8.22387e-18;-7.70988e-18;0;0;0;0;0;0;1.06105;
321.618;321.618;321.086;4.50384e-16;5.87362e-16;7.04732e-16;1.16;1.16;-0.483197;-3.90634e-17;4.88293e-17;5.96231e-17;0;0;0;0;0;0;1.09327;
334.208;334.208;333.673;1.14203e-15;-3.20663e-16;-1.09761e-16;1.2;1.2;-0.491261;6.7847e-17;1.43918e-17;4.47173e-17;0;0;0;0;0;0;1.1253;
346.844;346.844;346.307;-4.44073e-16;-1.54532e-17;-2.3931e-16;1.24;1.24;-0.499058;1.85037e-17;1.49058e-17;2.26157e-17;0;0;0;0;0;0;1.15716;
359.525;359.525;358.986;-5.51973e-16;-5.3475e-16;-6.09343e-16;1.28;1.28;-0.506601;-3.08395e-17;-3.54655e-17;-3.34095e-17;0;0;0;0;0;0;1.18884;
372.248;372.248;371.707;-2.56183e-16;3.21599e-16;2.72731e-16;1.32;1.32;-0.513901;-5.13992e-17;-2.05597e-18;-4.11194e-18;0;0;0;0;0;0;1.22037;
385.011;385.011;384.468;7.80113e-16;-4.87876e-16;1.62122e-16;1.36;1.36;-0.520972;2.26157e-17;-4.93432e-17;9.25186e-18;0;0;0;0;0;0;1.25174;
397.813;397.813;397.268;-3.26957e-16;4.8607e-16;-3.18271e-16;1.4;1.4;-0.527823;-1.23358e-17;-1.54198e-18;-2.10737e-17;0;0;0;0;0;0;1.28297;
410.651;410.651;410.104;-5.16767e-16;2.6336e-16;2.98842e-16;1.44;1.44;-0.534466;-5.75671e-17;1.95317e-17;8.22387e-18;0;0;0;0;0;0;1.31405;
423.524;423.524;422.975;-3.06987e-16;-4.29299e-16;-3.92911e-16;1.48;1.48;-0.540909;-8.22387e-17;-2.10737e-17;-2.92976e-17;0;0;0;0;0;0;1.34501;
436.43;436.43;435.879;1.02791e-15;3.981e-16;4.12e-16;1.52;1.52;-0.547162;1.23358e-17;1.74757e-17;1.02798e-17;0;0;0;0;0;0;1.37584;
449.368;449.368;448.816;-3.65148e-16;-9.87503e-17;2.6954e-16;1.56;1.56;-0.553234;-2.67276e-17;6.16791e-18;3.18675e-17;0;0;0;0;0;0;1.40654;
462.337;462.337;461.782;4.82971e-16;-3.41938e-16;-2.58543e-16;1.6;1.6;-0.559132;1.85037e-17;-2.36436e-17;7.19589e-18;0;0;0;0;0;0;1.43713;
475.334;475.334;474.778;-6.63811e-16;1.04575e-15;2.37694e-16;1.64;1.64;-0.564864;-4.31753e-17;7.09309e-17;2.98115e-17;0;0;0;0;0;0;1.46761;
488.36;488.36;487.802;1.00609e-15;-4.2936e-16;-5.2138e-16;1.68;1.68;-0.570437;4.93432e-17;2.67276e-17;-1.74757e-17;0;0;0;0;0;0;1.49799;
501.412;501.412;500.852;-4.63815e-17;-1.26605e-15;-3.66448e-16;1.72;1.72;-0.575857;3.90634e-17;-8.12108e-17;-4.62593e-17;0;0;0;0;0;0;1.52826;
514.489;514.489;513.928;-2.40019e-16;4.6604e-16;3.76295e-16;1.76;1.76;-0.581131;1.85037e-17;-3.28955e-17;-1.13078e-17;0;0;0;0;0;0;1.55844;
527.591;527.591;527.028;-5.17081e-16;8.66532e-16;6.10161e-16;1.8;1.8;-0.586266;-2.46716e-17;3.90634e-17;3.90634e-17;0;0;0;0;0;0;1.58852;
540.717;540.717;540.152;3.69599e-16;-2.36719e-16;-1.02105e-15;1.84;1.84;-0.591265;1.02798e-17;1.33638e-17;-5.24272e-17;0;0;0;0;0;0;1.61851;
553.865;553.865;553.299;2.91427e-16;-1.15996e-15;-1.82234e-16;1.88;1.88;-0.596136;3.28955e-17;-8.42947e-17;-6.16791e-17;0;0;0;0;0;0;1.64842;
567.035;567.035;566.467;-4.86617e-16;3.62919e-16;5.67116e-16;1.92;1.92;-0.600883;-1.02798e-17;-4.62593e-17;-1.23358e-17;0;0;0;0;0;0;1.67825;
580.225;580.225;579.656;-1.32823e-16;6.21991e-16;7.09843e-16;1.96;1.96;-0.60551;-1.85037e-17;4.11194e-18;4.42033e-17;0;0;0;0;0;0;1.70799;
593.436;593.436;592.866;3.07712e-16;-1.00792e-16;-2.2865e-16;2;2;-0.610023;8.22387e-18;-8.22387e-18;2.05597e-17;0;0;0;0;0;0;1.73766;
606.666;606.666;606.094;4.39861e-16;6.61642e-17;-4.83094e-16;2.04;2.04;-0.614425;4.31753e-17;-2.05597e-18;-1.85037e-17;0;0;0;0;0;0;1.76726;
619.915;619.915;619.341;-7.31502e-16;4.2396e-16;6.05043e-16;2.08;2.08;-0.618722;-2.05597e-17;3.28955e-17;3.49515e-17;0;0;0;0;0;0;1.79678;
633.181;633.181;632.606;-6.98313e-16;-2.9028e-16;3.17475e-16;2.12;2.12;-0.622915;-7.40149e-17;6.16791e-18;5.75671e-17;0;0;0;0;0;0;1.82624;
646.465;646.465;645.889;8.92734e-16;-5.8129e-16;-1.53054e-15;2.16;2.16;-0.62701;4.11194e-18;-4.00914e-17;-7.09309e-17;0;0;0;0;0;0;1.85563;
659.766;659.766;659.188;7.1649e-16;4.37004e-17;3.96896e-16;2.2;2.2;-0.63101;5.75671e-17;-3.28955e-17;-2.87836e-17;0;0;0;0;0;0;1.88496;
673.082;673.082;672.503;-2.80494e-15;5.80125e-16;7.32193e-16;2.24;2.24;-0.634918;-1.76813e-16;1.43918e-17;2.87836e-17;0;0;0;0;0;0;1.91422;
686.414;686.414;685.834;1.24785e-15;-3.08554e-16;-1.17837e-15;2.28;2.28;-0.638738;-5.75671e-17;-1.43918e-17;-7.19589e-17;0;0;0;0;0;0;1.94343;
699.761;699.761;699.179;-6.13713e-18;1.66124e-16;1.25022e-15;2.32;2.32;-0.642472;-6.5791e-17;1.02798e-18;3.70074e-17;0;0;0;0;0;0;1.97258;
713.123;713.123;712.54;1.11624e-15;6.72568e-16;-3.48606e-16;2.36;2.36;-0.646123;2.46716e-17;5.44832e-17;1.02798e-18;0;0;0;0;0;0;2.00167;
726.498;726.498;725.914;8.56244e-17;-1.17126e-15;-2.3055e-16;2.4;2.4;-0.649695;2.46716e-17;-4.42033e-17;-1.54198e-17;0;0;0;0;0;0;2.03072;
739.887;739.887;739.301;-7.09387e-16;2.55026e-16;-1.07248e-16;2.44;2.44;-0.653189;-3.28955e-17;-1.64477e-17;-2.26157e-17;0;0;0;0;0;0;2.05971;
753.289;753.289;752.702;-3.48892e-18;3.78997e-16;3.25339e-16;2.48;2.48;-0.656609;-2.87836e-17;1.23358e-17;4.11194e-18;0;0;0;0;0;0;2.08865;
766.704;766.704;766.115;9.26903e-16;-8.07641e-16;-9.66331e-16;2.52;2.52;-0.659956;4.52313e-17;-5.44832e-17;-7.50429e-17;0;0;0;0;0;0;2.11754;
780.131;780.131;779.541;-1.34627e-16;9.06318e-16;1.16534e-15;2.56;2.56;-0.663234;2.87836e-17;2.26157e-17;2.36436e-17;0;0;0;0;0;0;2.14639;
793.569;793.569;792.978;-5.81027e-16;7.1908e-16;-2.46131e-16;2.6;2.6;-0.666444;-1.64477e-17;7.40149e-17;-3.08395e-18;0;0;0;0;0;0;2.17519;
807.02;807.02;806.427;-4.09787e-16;-4.25019e-16;1.36832e-16;2.64;2.64;-0.669588;-4.52313e-17;3.59794e-17;9.25186e-18;0;0;0;0;0;0;2.20395;
820.481;820.481;819.887;1.76625e-16;-1.29946e-15;-1.38582e-15;2.68;2.68;-0.672669;-2.87836e-17;-6.3735e-17;-1.00742e-16;0;0;0;0;0;0;2.23266;
833.953;833.953;833.358;-9.2884e-16;1.03671e-15;1.06918e-15;2.72;2.72;-0.675688;-1.02798e-16;2.56996e-17;-8.22387e-18;0;0;0;0;0;0;2.26134;
847.435;847.435;846.839;-2.31093e-16;-9.94286e-18;1.10911e-15;2.76;2.76;-0.678647;-1.15134e-16;1.85037e-17;7.19589e-17;0;0;0;0;0;0;2.28997;
860.928;860.928;860.331;1.14112e-15;-1.58897e-16;-1.65119e-15;2.8;2.8;-0.681549;-2.46716e-17;6.16791e-18;-6.3735e-17;0;0;0;0;0;0;2.31857;
874.43;874.43;873.832;1.25378e-15;-1.20205e-15;7.48097e-19;2.84;2.84;-0.684394;6.5791e-17;-8.63507e-17;-5.34552e-17;0;0;0;0;0;0;2.34713;
887.942;887.942;887.343;-2.23277e-15;1.09699e-15;4.50724e-16;2.88;2.88;-0.687185;-1.15134e-16;6.16791e-18;-1.85037e-17;0;0;0;0;0;0;2.37565;
901.464;901.464;900.863;9.37913e-16;3.6698e-16;4.21593e-16;2.92;2.92;-0.689923;-2.87836e-17;2.77556e-17;1.13078e-17;0;0;0;0;0;0;2.40414;
914.994;914.994;914.392;-1.68447e-15;1.36114e-16;-2.32785e-16;2.96;2.96;-0.69261;-1.64477e-16;3.59794e-17;-9.25186e-18;0;0;0;0;0;0;2.43259;
928.533;928.533;927.93;1.20129e-15;-1.41953e-15;-1.92539e-16;3;3;-0.695247;-6.16791e-17;-7.40149e-17;-2.26157e-17;0;0;0;0;0;0;2.46101;
942.08;942.08;941.476;1.22309e-15;-2.07574e-17;-4.84755e-16;3.04;3.04;-0.697835;2.46716e-17;-6.6819e-17;-5.85951e-17;0;0;0;0;0;0;2.4894;
955.636;955.636;955.031;5.29167e-16;1.53076e-15;1.8427e-15;3.08;3.08;-0.700376;5.75671e-17;5.03712e-17;8.53227e-17;0;0;0;0;0;0;2.51775;
969.2;969.2;968.593;-1.41271e-15;1.10767e-16;-9.01747e-16;3.12;3.12;-0.702871;-5.34552e-17;4.93432e-17;5.13992e-18;0;0;0;0;0;0;2.54608;
982.771;982.771;982.164;1.02019e-15;-1.85588e-15;-1.03286e-15;3.16;3.16;-0.705321;3.28955e-17;-9.25186e-17;-6.7847e-17;0;0;0;0;0;0;2.57437;
996.35;996.35;995.742;1.37431e-16;7.56339e-16;-2.46854e-16;3.2;3.2;-0.707729;3.70074e-17;-2.36436e-17;-8.01828e-17;0;0;0;0;0;0;2.60264;
1009.94;1009.94;1009.33;-1.34707e-15;-5.90121e-16;2.24303e-16;3.24;3.24;-0.710094;-6.5791e-17;-7.29869e-17;-6.16791e-17;0;0;0;0;0;0;2.63088;
1023.53;1023.53;1022.92;-3.82802e-16;4.82674e-16;-7.16927e-16;3.28;3.28;-0.712417;-8.63507e-17;-3.28955e-17;-1.1719e-16;0;0;0;0;0;0;2.65909;
1037.13;1037.13;1036.52;4.0535e-16;3.80941e-16;2.35721e-15;3.32;3.32;-0.714701;-5.34552e-17;-7.19589e-18;6.4763e-17;0;0;0;0;0;0;2.68728;
1050.74;1050.74;1050.13;2.05857e-15;-5.84372e-16;-1.54358e-15;3.36;3.36;-0.716946;9.86865e-17;-5.34552e-17;-6.5791e-17;0;0;0;0;0;0;2.71544;
1064.35;1064.35;1063.74;5.5409e-16;1.0261e-16;9.66498e-18;3.4;3.4;-0.719153;1.2747e-16;-4.21474e-17;-5.55112e-17;0;0;0;0;0;0;2.74357;
1077.97;1077.97;1077.36;-6.14051e-16;-7.4767e-16;-4.25402e-16;3.44;3.44;-0.721324;7.81268e-17;-9.86865e-17;-8.73787e-17;0;0;0;0;0;0;2.77168;
1091.6;1091.6;1090.98;-1.64947e-15;2.2117e-15;1.10846e-15;3.48;3.48;-0.723458;-4.11194e-17;7.09309e-17;-2.05597e-18;0;0;0;0;0;0;2.79976;
1105.23;1105.23;1104.62;9.12496e-16;-9.22792e-17;-3.21108e-17;3.52;3.52;-0.725557;3.70074e-17;5.03712e-17;-1.13078e-17;0;0;0;0;0;0;2.82783;
1118.87;1118.87;1118.25;-1.08672e-15;-2.70702e-15;-1.48385e-15;3.56;3.56;-0.727621;-4.93432e-17;-1.50086e-16;-1.21302e-16;0;0;0;0;0;0;2.85586;
1132.52;1132.52;1131.9;-9.07899e-17;2.2433e-15;2.35936e-15;3.6;3.6;-0.729653;-4.93432e-17;3.28955e-17;6.2707e-17;0;0;0;0;0;0;2.88388;
1146.17;1146.17;1145.55;2.14857e-16;-1.60574e-15;-1.95752e-15;3.64;3.64;-0.731652;-3.28955e-17;-9.97145e-17;-9.66305e-17;0;0;0;0;0;0;2.91188;
1159.82;1159.82;1159.2;7.42573e-16;1.7045e-15;2.27412e-15;3.68;3.68;-0.733619;2.05597e-17;3.59794e-17;8.32667e-17;0;0;0;0;0;0;2.93985;
1173.49;1173.49;1172.86;5.0926e-16;2.96918e-16;-1.99747e-16;3.72;3.72;-0.735555;5.34552e-17;4.72873e-17;5.44832e-17;0;0;0;0;0;0;2.9678;
1187.15;1187.15;1186.53;2.10819e-16;-6.32623e-16;8.64688e-16;3.76;3.76;-0.737461;6.5791e-17;-1.02798e-18;1.19246e-16;0;0;0;0;0;0;2.99574;
1200.82;1200.82;1200.2;-3.1871e-16;-1.51163e-15;-2.63309e-15;3.8;3.8;-0.739337;4.11194e-17;-1.07938e-16;-7.91548e-17;0;0;0;0;0;0;3.02365;
1214.5;1214.5;1213.88;-8.69956e-16;2.33083e-15;2.97065e-16;3.84;3.84;-0.741185;-2.05597e-17;7.19589e-17;-4.11194e-17;0;0;0;0;0;0;3.05155;
1228.18;1228.18;1227.56;-4.11627e-16;1.45869e-17;1.3626e-15;3.88;3.88;-0.743004;-4.52313e-17;5.85951e-17;5.65391e-17;0;0;0;0;0;0;3.07942;
1241.87;1241.87;1241.24;7.78823e-17;-5.77109e-16;2.99126e-16;3.92;3.92;-0.744796;-3.70074e-17;1.64477e-17;6.99029e-17;0;0;0;0;0;0;3.10728;
1255.56;1255.56;1254.93;2.43762e-15;-3.03133e-15;-3.18289e-15;3.96;3.96;-0.746561;1.39806e-16;-2.00457e-16;-1.6345e-16;0;0;0;0;0;0;3.13512;
1269.26;1269.26;1268.63;-1.49145e-15;2.46041e-15;4.64946e-16;4;4;-0.7483;1.64477e-17;-3.08395e-18;-1.09994e-16;0;0;0;0;0;0;3.16294;
1255.14;1255.14;1255.77;1.89739e-15;-3.06238e-15;-3.96508e-16;3.96;3.96;-0.746561;1.39806e-16;-2.02513e-16;-1.36722e-16;0;0;0;0;0;0;3.18557;
1241.45;1241.45;1242.08;-2.27813e-15;2.27791e-15;2.30705e-15;3.92;3.92;-0.744796;-3.70074e-17;-1.85037e-17;3.28955e-17;0;0;0;0;0;0;3.21341;
1227.76;1227.76;1228.39;-3.08363e-16;1.03244e-15;3.25033e-16;3.88;3.88;-0.743004;-4.52313e-17;4.21474e-17;4.21474e-17;0;0;0;0;0;0;3.24127;
1214.08;1214.08;1214.71;3.14613e-16;5.00374e-16;-1.12305e-15;3.84;3.84;-0.741185;-2.05597e-17;7.19589e-17;-4.11194e-17;0;0;0;0;0;0;3.26915;
1200.41;1200.41;1201.04;8.80024e-16;-2.44533e-15;-6.22227e-16;3.8;3.8;-0.739337;4.11194e-17;-1.07938e-16;-7.91548e-17;0;0;0;0;0;0;3.29704;
1186.73;1186.73;1187.37;4.16864e-16;8.00654e-16;1.92434e-15;3.76;3.76;-0.737461;6.5791e-17;-3.49515e-17;6.3735e-17;0;0;0;0;0;0;3.32496;
1173.07;1173.07;1173.7;-2.12828e-15;5.66937e-16;-6.03814e-16;3.72;3.72;-0.735555;-9.04626e-17;1.02798e-18;8.22387e-18;0;0;0;0;0;0;3.35289;
1159.4;1159.4;1160.04;1.35598e-15;5.32997e-16;9.8815e-16;3.68;3.68;-0.733619;2.05597e-17;3.59794e-17;8.32667e-17;0;0;0;0;0;0;3.38084;
1145.75;1145.75;1146.39;-1.02396e-15;-1.57926e-15;-1.58295e-15;3.64;3.64;-0.731652;-6.16791e-17;-8.12108e-17;-3.70074e-17;0;0;0;0;0;0;3.40882;
1132.1;1132.1;1132.74;8.32052e-17;1.44752e-15;1.24753e-15;3.6;3.6;-0.729653;-4.93432e-17;3.28955e-17;6.2707e-17;0;0;0;0;0;0;3.43681;
1118.45;1118.45;1119.09;4.63811e-16;-4.4643e-16;-1.53392e-15;3.56;3.56;-0.727621;-1.64477e-17;-8.22387e-18;-5.55112e-17;0;0;0;0;0;0;3.46483;
1104.81;1104.81;1105.45;7.82346e-16;7.75472e-16;4.82073e-16;3.52;3.52;-0.725557;3.70074e-17;5.03712e-17;-1.13078e-17;0;0;0;0;0;0;3.49287;
1091.18;1091.18;1091.82;-1.01839e-15;4.23846e-16;1.11288e-15;3.48;3.48;-0.723458;-4.11194e-17;7.60708e-17;6.5791e-17;0;0;0;0;0;0;3.52093;
1077.55;1077.55;1078.2;-6.59338e-16;-1.95014e-15;-3.61569e-16;3.44;3.44;-0.721324;-8.22387e-17;-6.6819e-17;3.28955e-17;0;0;0;0;0;0;3.54902;
1063.93;1063.93;1064.58;2.86015e-15;1.75249e-16;-1.26082e-15;3.4;3.4;-0.719153;1.2747e-16;-4.21474e-17;-5.55112e-17;0;0;0;0;0;0;3.57713;
1050.32;1050.32;1050.96;-9.55216e-16;4.58543e-16;2.34703e-16;3.36;3.36;-0.716946;4.11194e-17;-1.02798e-17;-3.08395e-17;0;0;0;0;0;0;3.60526;
1036.71;1036.71;1037.36;-1.39887e-15;8.24467e-17;1.35109e-15;3.32;3.32;-0.714701;-5.34552e-17;-7.19589e-18;6.4763e-17;0;0;0;0;0;0;3.63342;
1023.11;1023.11;1023.76;3.94769e-16;-1.66782e-15;-1.8734e-15;3.28;3.28;-0.712417;-1.64477e-17;-1.2747e-16;-7.81268e-17;0;0;0;0;0;0;3.66161;
1009.52;1009.52;1010.16;-6.5334e-16;1.38846e-15;1.24853e-16;3.24;3.24;-0.710094;-6.5791e-17;-1.74757e-17;-5.75671e-17;0;0;0;0;0;0;3.68982;
995.932;995.932;996.578;1.37613e-15;9.11248e-17;-3.33028e-16;3.2;3.2;-0.707729;3.70074e-17;-1.95317e-17;-8.22387e-17;0;0;0;0;0;0;3.71806;
982.353;982.353;983;6.14284e-17;-4.79321e-16;-7.17232e-17;3.16;3.16;-0.705321;3.28955e-17;-5.44832e-17;-8.53227e-17;0;0;0;0;0;0;3.74633;
968.782;968.782;969.429;-1.19863e-15;1.26289e-15;1.81404e-15;3.12;3.12;-0.702871;-5.34552e-17;3.90634e-17;4.52313e-17;0;0;0;0;0;0;3.77463;
955.218;955.218;955.867;1.44477e-15;-1.06011e-16;7.15692e-16;3.08;3.08;-0.700376;5.75671e-17;2.36436e-17;8.53227e-17;0;0;0;0;0;0;3.80295;
941.662;941.662;942.312;-3.34076e-16;-1.27092e-15;-1.94556e-15;3.04;3.04;-0.697835;2.46716e-17;-6.6819e-17;-5.85951e-17;0;0;0;0;0;0;3.83131;
928.115;928.115;928.765;-1.23345e-15;-2.10136e-16;3.33901e-16;3;3;-0.695247;-6.16791e-17;-7.40149e-17;-2.26157e-17;0;0;0;0;0;0;3.8597;
914.576;914.576;915.227;-1.54074e-15;1.51646e-15;2.15286e-16;2.96;2.96;-0.69261;-1.64477e-16;3.59794e-17;-9.25186e-18;0;0;0;0;0;0;3.88812;
901.046;901.046;901.698;1.76023e-15;1.6237e-17;3.05461e-16;2.92;2.92;-0.689923;-2.87836e-17;2.77556e-17;1.13078e-17;0;0;0;0;0;0;3.91657;
887.525;887.525;888.178;-1.05284e-15;-2.9982e-16;-3.89589e-16;2.88;2.88;-0.687185;-1.15134e-16;6.16791e-18;-1.85037e-17;0;0;0;0;0;0;3.94506;
874.013;874.013;874.667;2.43361e-15;-1.31686e-15;-5.21351e-16;2.84;2.84;-0.684394;6.5791e-17;-8.63507e-17;-5.34552e-17;0;0;0;0;0;0;3.97359;
860.511;860.511;861.165;-1.05203e-15;9.47683e-16;-3.60593e-16;2.8;2.8;-0.681549;-2.46716e-17;-1.02798e-17;-7.60708e-17;0;0;0;0;0;0;4.00215;
847.018;847.018;847.673;-1.35302e-15;1.67908e-16;2.04854e-15;2.76;2.76;-0.678647;-1.15134e-16;-4.11194e-18;7.29869e-17;0;0;0;0;0;0;4.03074;
833.536;833.536;834.192;1.43199e-15;5.59463e-16;-7.40915e-16;2.72;2.72;-0.675688;-4.11194e-18;3.49515e-17;7.19589e-18;0;0;0;0;0;0;4.05938;
820.064;820.064;820.721;1.81006e-16;-1.61501e-15;-9.6733e-16;2.68;2.68;-0.672669;0;-8.42947e-17;-5.75671e-17;0;0;0;0;0;0;4.08806;
806.603;806.603;807.26;-1.13127e-15;2.76322e-16;5.32943e-16;2.64;2.64;-0.669588;-8.22387e-17;-5.44832e-17;-1.33638e-17;0;0;0;0;0;0;4.11677;
793.153;793.153;793.811;1.2783e-15;1.51445e-15;5.04646e-16;2.6;2.6;-0.666444;1.64477e-17;5.24272e-17;1.95317e-17;0;0;0;0;0;0;4.14553;
779.714;779.714;780.373;5.68817e-16;-9.29643e-16;-9.97423e-17;2.56;2.56;-0.663234;4.93432e-17;-2.36436e-17;9.25186e-18;0;0;0;0;0;0;4.17434;
766.288;766.288;766.948;-1.22822e-16;1.06021e-16;-1.25478e-15;2.52;2.52;-0.659956;3.70074e-17;-1.02798e-17;-8.01828e-17;0;0;0;0;0;0;4.20319;
752.873;752.873;753.534;-1.05903e-17;-4.63366e-16;3.64314e-16;2.48;2.48;-0.656609;3.70074e-17;-4.42033e-17;-4.62593e-17;0;0;0;0;0;0;4.23208;
739.471;739.471;740.133;-1.66113e-15;1.21954e-15;5.18014e-16;2.44;2.44;-0.653189;-8.22387e-17;4.62593e-17;-1.13078e-17;0;0;0;0;0;0;4.26102;
726.083;726.083;726.745;2.88961e-15;-7.53257e-16;4.45171e-16;2.4;2.4;-0.649695;1.35694e-16;-1.54198e-17;1.74757e-17;0;0;0;0;0;0;4.29002;
712.707;712.707;713.37;-1.35253e-15;2.21095e-16;-4.90679e-16;2.36;2.36;-0.646123;2.05597e-17;5.13992e-18;-2.05597e-17;0;0;0;0;0;0;4.31906;
699.346;699.346;700.01;-1.48812e-15;8.19206e-16;1.70103e-15;2.32;2.32;-0.642472;-7.81268e-17;6.2707e-17;1.04854e-16;0;0;0;0;0;0;4.34816;
685.999;685.999;686.664;-6.42029e-16;-1.0091e-16;-1.49588e-15;2.28;2.28;-0.638738;-1.15134e-16;5.03712e-17;-1.33638e-17;0;0;0;0;0;0;4.37731;
672.668;672.668;673.333;-9.11326e-16;-5.08096e-16;4.56502e-16;2.24;2.24;-0.634918;-1.76813e-16;1.43918e-17;2.87836e-17;0;0;0;0;0;0;4.40652;
659.351;659.351;660.017;3.1726e-15;-6.99499e-16;-7.59258e-16;2.2;2.2;-0.63101;5.75671e-17;-3.28955e-17;-2.87836e-17;0;0;0;0;0;0;4.43579;
646.051;646.051;646.718;-4.68618e-16;-1.02747e-16;-2.07596e-16;2.16;2.16;-0.62701;4.11194e-18;-3.59794e-17;-3.90634e-17;0;0;0;0;0;0;4.46512;
632.767;632.767;633.435;-1.12187e-15;6.45907e-16;1.41973e-15;2.12;2.12;-0.622915;-7.40149e-17;1.13078e-17;6.4763e-17;0;0;0;0;0;0;4.49451;
619.501;619.501;620.169;6.43317e-16;1.26494e-17;-4.75625e-16;2.08;2.08;-0.618722;-2.05597e-17;8.22387e-18;2.15877e-17;0;0;0;0;0;0;4.52397;
606.252;606.252;606.922;9.35649e-16;1.85729e-16;-6.65641e-16;2.04;2.04;-0.614425;4.31753e-17;2.15877e-17;-2.36436e-17;0;0;0;0;0;0;4.5535;
593.023;593.023;593.693;-4.02432e-16;-8.06997e-16;8.5004e-17;2;2;-0.610023;8.22387e-18;-3.80354e-17;-1.33638e-17;0;0;0;0;0;0;4.5831;
579.812;579.812;580.483;-4.02757e-16;6.82143e-16;3.89841e-16;1.96;1.96;-0.60551;-1.85037e-17;1.64477e-17;1.43918e-17;0;0;0;0;0;0;4.61277;
566.622;566.622;567.293;7.88879e-17;-5.22071e-16;-3.63014e-16;1.92;1.92;-0.600883;-1.02798e-17;-2.56996e-17;-1.43918e-17;0;0;0;0;0;0;4.64252;
553.452;553.452;554.124;6.00232e-16;-1.07602e-15;-5.96148e-16;1.88;1.88;-0.596136;3.28955e-17;-1.00742e-16;-5.55112e-17;0;0;0;0;0;0;4.67235;
540.304;540.304;540.977;-2.59422e-16;1.6018e-15;4.43202e-16;1.84;1.84;-0.591265;1.02798e-17;2.26157e-17;-1.95317e-17;0;0;0;0;0;0;4.70226;
527.179;527.179;527.853;-5.00989e-16;9.38887e-16;5.1658e-16;1.8;1.8;-0.586266;-2.46716e-17;8.12108e-17;1.54198e-17;0;0;0;0;0;0;4.73226;
514.077;514.077;514.752;5.48247e-16;-2.11442e-15;-1.05322e-15;1.76;1.76;-0.581131;1.85037e-17;-7.91548e-17;-6.4763e-17;0;0;0;0;0;0;4.76234;
501;501;501.675;3.27113e-16;2.00284e-16;1.07499e-16;1.72;1.72;-0.575857;3.90634e-17;-5.13992e-17;-5.03712e-17;0;0;0;0;0;0;4.79252;
487.948;487.948;488.624;1.67713e-16;7.31474e-16;-4.69748e-17;1.68;1.68;-0.570437;4.93432e-17;1.02798e-18;-5.44832e-17;0;0;0;0;0;0;4.8228;
474.923;474.923;475.6;-1.24432e-15;1.45488e-16;3.87558e-16;1.64;1.64;-0.564864;-4.31753e-17;7.19589e-18;-2.56996e-17;0;0;0;0;0;0;4.85318;
461.926;461.926;462.604;1.26278e-15;-3.50536e-16;-1.90674e-16;1.6;1.6;-0.559132;5.75671e-17;-1.95317e-17;-4.21474e-17;0;0;0;0;0;0;4.88366;
448.958;448.958;449.636;-1.34185e-15;-4.0523e-16;3.04181e-16;1.56;1.56;-0.553234;-4.93432e-17;-4.72873e-17;-1.85037e-17;0;0;0;0;0;0;4.91426;
436.02;436.02;436.699;-2.88907e-17;1.03535e-15;7.33633e-16;1.52;1.52;-0.547162;-4.31753e-17;3.18675e-17;3.39235e-17;0;0;0;0;0;0;4.94497;
423.114;423.114;423.794;4.962e-16;-5.92309e-16;-4.3742e-16;1.48;1.48;-0.540909;-6.16791e-18;-1.85037e-17;-3.08395e-18;0;0;0;0;0;0;4.9758;
410.242;410.242;410.922;-2.34973e-16;-1.52858e-16;-1.676e-16;1.44;1.44;-0.534466;-2.67276e-17;-2.62136e-17;-1.28498e-17;0;0;0;0;0;0;5.00676;
397.404;397.404;398.085;3.56009e-17;9.03168e-16;4.47466e-16;1.4;1.4;-0.527823;-2.26157e-17;4.21474e-17;2.15877e-17;0;0;0;0;0;0;5.03785;
384.603;384.603;385.285;6.07049e-16;-3.16622e-16;-1.48354e-16;1.36;1.36;-0.520972;2.26157e-17;1.28498e-17;7.70988e-18;0;0;0;0;0;0;5.06908;
371.84;371.84;372.523;-9.35284e-16;-2.31366e-16;-3.68032e-16;1.32;1.32;-0.513901;-5.13992e-17;-2.56996e-18;-1.90177e-17;0;0;0;0;0;0;5.10046;
359.117;359.117;359.801;1.95941e-16;1.45547e-18;9.93322e-17;1.28;1.28;-0.506601;-3.08395e-17;-1.02798e-18;-9.25186e-18;0;0;0;0;0;0;5.13199;
346.437;346.437;347.121;6.68238e-16;4.41716e-16;1.9156e-16;1.24;1.24;-0.499058;1.85037e-17;3.23815e-17;4.62593e-18;0;0;0;0;0;0;5.16368;
333.801;333.801;334.486;7.04139e-16;-1.53485e-16;5.09636e-16;1.2;1.2;-0.491261;6.7847e-17;1.79897e-17;4.21474e-17;0;0;0;0;0;0;5.19554;
321.212;321.212;321.898;-1.34468e-15;4.59314e-16;9.30155e-19;1.16;1.16;-0.483197;-3.90634e-17;5.39692e-17;3.90634e-17;0;0;0;0;0;0;5.22758;
308.672;308.672;309.359;-7.52857e-16;-5.13119e-16;-3.95829e-16;1.12;1.12;-0.47485;-8.84066e-17;1.18218e-17;8.73787e-18;0;0;0;0;0;0;5.25981;
296.185;296.185;296.872;1.11498e-15;-1.14749e-16;-5.26107e-16;1.08;1.08;-0.466205;2.05597e-18;6.16791e-18;-2.92976e-17;0;0;0;0;0;0;5.29224;
283.753;283.753;284.441;-7.02621e-17;2.96555e-16;3.63324e-16;1.04;1.04;-0.457246;-1.02798e-17;2.98115e-17;2.05597e-18;0;0;0;0;0;0;5.32488;
271.378;271.378;272.067;1.79541e-16;-3.00373e-16;2.1407e-16;1;1;-0.447955;4.11194e-18;4.62593e-18;1.64477e-17;0;0;0;0;0;0;5.35773;
259.065;259.065;259.755;-1.04142e-16;1.99782e-16;1.4189e-16;0.96;0.96;-0.438312;-5.13992e-18;2.21017e-17;2.62136e-17;0;0;0;0;0;0;5.39082;
246.818;246.818;247.508;1.22544e-16;-1.54237e-16;-3.81058e-16;0.92;0.92;-0.428297;5.13992e-18;8.73787e-18;-4.62593e-18;0;0;0;0;0;0;5.42417;
234.639;234.639;235.331;6.1561e-17;-5.61029e-16;-2.01975e-16;0.88;0.88;-0.417887;9.25186e-18;-3.46945e-17;-1.82467e-17;0;0;0;0;0;0;5.45777;
222.534;222.534;223.226;1.98398e-16;3.21029e-16;-5.11948e-17;0.84;0.84;-0.407057;2.46716e-17;-5.65391e-18;-2.10737e-17;0;0;0;0;0;0;5.49165;
210.508;210.508;211.2;6.65813e-17;-3.28986e-17;1.75487e-16;0.8;0.8;-0.39578;2.87836e-17;-1.02798e-17;-6.6819e-18;0;0;0;0;0;0;5.52583;
198.564;198.564;199.257;-6.18257e-16;1.18335e-16;1.98047e-17;0.76;0.76;-0.384029;-2.15877e-17;-5.13992e-19;-6.16791e-18;0;0;0;0;0;0;5.56033;
186.709;186.709;187.403;2.8736e-17;3.02426e-16;1.6242e-16;0.72;0.72;-0.37177;-1.54198e-17;2.33866e-17;6.93889e-18;0;0;0;0;0;0;5.59517;
174.948;174.948;175.643;4.65193e-16;-2.74423e-16;6.54256e-17;0.68;0.68;-0.358971;2.26157e-17;-1.02798e-18;1.13078e-17;0;0;0;0;0;0;5.63036;
163.289;163.289;163.985;-8.92757e-17;-1.63115e-16;-3.05158e-16;0.64;0.64;-0.345593;1.23358e-17;-1.28498e-17;-1.43918e-17;0;0;0;0;0;0;5.66595;
151.739;151.739;152.435;1.79624e-17;4.62787e-17;7.2621e-17;0.6;0.6;-0.331594;1.43918e-17;-7.96688e-18;-6.4249e-18;0;0;0;0;0;0;5.70194;
140.305;140.305;141.002;-2.29997e-17;-2.09266e-17;-6.76275e-17;0.56;0.56;-0.316931;1.23358e-17;-1.00228e-17;-1.25928e-17;0;0;0;0;0;0;5.73838;
128.996;128.996;129.694;-3.32343e-16;2.26953e-16;2.62651e-16;0.52;0.52;-0.301552;-1.59338e-17;9.50885e-18;1.02798e-17;0;0;0;0;0;0;5.7753;
117.821;117.821;118.521;1.7825e-16;-2.00648e-16;-2.12948e-16;0.48;0.48;-0.285403;1.54198e-18;-9.25186e-18;-9.76585e-18;0;0;0;0;0;0;5.81273;
106.793;106.793;107.493;1.47563e-16;1.50125e-16;8.47069e-17;0.44;0.44;-0.268422;1.33638e-17;5.13992e-18;-1.02798e-18;0;0;0;0;0;0;5.85071;
95.9216;95.9216;96.6224;-1.34452e-16;-7.63768e-17;3.77498e-17;0.4;0.4;-0.250542;5.13992e-19;-2.56996e-18;1.79897e-18;0;0;0;0;0;0;5.88929;
85.2209;85.2209;85.9225;-1.97566e-16;6.18053e-17;5.82359e-17;0.36;0.36;-0.231687;-1.64477e-17;3.46945e-18;6.8104e-18;0;0;0;0;0;0;5.92853;
74.7054;74.7054;75.4079;1.21489e-16;-1.37701e-16;-1.96944e-16;0.32;0.32;-0.211774;-4.11194e-18;-9.50885e-18;-1.15648e-17;0;0;0;0;0;0;5.96846;
64.3918;64.3918;65.0952;1.91394e-17;8.20217e-17;8.3605e-17;0.28;0.28;-0.190707;-3.08395e-18;-1.02798e-18;-2.56996e-18;0;0;0;0;0;0;6.00917;
54.2985;54.2985;55.0028;4.19651e-17;8.07687e-18;1.39475e-18;0.24;0.24;-0.168381;7.70988e-19;-7.70988e-19;-2.95545e-18;0;0;0;0;0;0;6.05072;
44.4466;44.4466;45.1517;-5.29601e-18;2.58112e-17;5.20072e-17;0.2;0.2;-0.144677;0;1.67047e-18;2.05597e-18;0;0;0;0;0;0;6.09318;
34.8596;34.8596;35.5656;-2.11941e-17;-3.55381e-17;-1.88985e-17;0.16;0.16;-0.119458;-2.05597e-18;-1.99172e-18;-1.28498e-19;0;0;0;0;0;0;6.13666;
25.5646;25.5646;26.2716;2.29213e-17;-1.74814e-17;5.21374e-18;0.12;0.12;-0.09257;3.85494e-19;-3.5337e-18;5.13992e-19;0;0;0;0;0;0;6.18125;
16.5924;16.5924;17.3003;-1.23134e-17;3.44148e-17;-4.04253e-18;0.08;0.08;-0.0638379;-1.02798e-18;1.28498e-19;6.4249e-20;0;0;0;0;0;0;6.22707;
7.97837;7.97837;8.6873;4.12904e-18;2.00944e-18;6.72961e-19;0.04;0.04;-0.033059;-5.13992e-19;1.28498e-19;1.60623e-19;0;0;0;0;0;0;6.27425;
-0.236644;-0.236644;0.473288;4.94588e-18;-1.06387e-18;-1.43418e-18;0;1.09564e-32;5.55112e-16;-5.4782e-33;1.27825e-32;4.56517e-33;0;0;0;0;0;0;6.32295;
